{"cameraMode":{"drawMode":0,"name":"Shaded","section":"Shading Mode"},"sceneLighting":true,"audioPlay":false,"sceneViewState":{"showFog":true,"showMaterialUpdate":false,"showSkybox":true,"showFlares":true,"showImageEffects":true,"showParticleSystems":true},"in2DMode":false,"pivot":{"x":-24.3799991607666,"y":20.200000762939454,"z":9.800000190734864},"rotation":{"x":-0.09442852437496185,"y":0.07071872800588608,"z":-0.006724973674863577,"w":-0.992995023727417},"size":8.66025447845459,"orthographic":false}