{"cameraMode":{"drawMode":0,"name":"Shaded","section":"Shading Mode"},"sceneLighting":false,"audioPlay":false,"sceneViewState":{"showFog":true,"showMaterialUpdate":false,"showSkybox":false,"showFlares":true,"showImageEffects":true,"showParticleSystems":true},"in2DMode":false,"pivot":{"x":-2.3479413986206056,"y":0.1322021484375,"z":-48.786399841308597},"rotation":{"x":-0.10660150647163391,"y":-0.009846130385994912,"z":0.0010557337664067746,"w":-0.9942523241043091},"size":0.8660253882408142,"orthographic":false}