{"cameraMode":{"drawMode":0,"name":"Shaded","section":"Shading Mode"},"sceneLighting":true,"audioPlay":false,"sceneViewState":{"showFog":true,"showMaterialUpdate":false,"showSkybox":true,"showFlares":true,"showImageEffects":true,"showParticleSystems":true},"in2DMode":false,"pivot":{"x":-1.0279464721679688,"y":37.07890319824219,"z":36.988792419433597},"rotation":{"x":0.007108496036380529,"y":-0.15032696723937989,"z":-0.0010809393133968115,"w":-0.9886108040809631},"size":28.300260543823243,"orthographic":false}