{"cameraMode":{"drawMode":0,"name":"Shaded","section":"Shading Mode"},"sceneLighting":true,"audioPlay":false,"sceneViewState":{"showFog":true,"showMaterialUpdate":false,"showSkybox":true,"showFlares":true,"showImageEffects":true,"showParticleSystems":true},"in2DMode":false,"pivot":{"x":-2.4638450145721437,"y":28.204158782958986,"z":42.4921875},"rotation":{"x":-0.24140366911888123,"y":-0.0866217389702797,"z":0.02163982391357422,"w":-0.9663089513778687},"size":33.16373825073242,"orthographic":false}