{"cameraMode":{"drawMode":0,"name":"Shaded","section":"Shading Mode"},"sceneLighting":true,"audioPlay":false,"sceneViewState":{"showFog":true,"showMaterialUpdate":false,"showSkybox":true,"showFlares":true,"showImageEffects":true,"showParticleSystems":true},"in2DMode":false,"pivot":{"x":9.075565338134766,"y":30.5,"z":-26.09000015258789},"rotation":{"x":0.0020100155379623176,"y":0.9763320684432983,"z":-0.21608254313468934,"w":0.009080530144274235},"size":1.9899743795394898,"orthographic":false}