{"cameraMode":{"drawMode":0,"name":"Shaded","section":"Shading Mode"},"sceneLighting":true,"audioPlay":false,"sceneViewState":{"showFog":true,"showMaterialUpdate":false,"showSkybox":true,"showFlares":true,"showImageEffects":true,"showParticleSystems":true},"in2DMode":false,"pivot":{"x":7.126805305480957,"y":35.83173370361328,"z":44.349788665771487},"rotation":{"x":-0.002999851480126381,"y":-0.010499723255634308,"z":-0.00003149574331473559,"w":0.9999405145645142},"size":42.35739517211914,"orthographic":false}