{"cameraMode":{"drawMode":0,"name":"Shaded","section":"Shading Mode"},"sceneLighting":false,"audioPlay":false,"sceneViewState":{"showFog":true,"showMaterialUpdate":false,"showSkybox":false,"showFlares":true,"showImageEffects":true,"showParticleSystems":true},"in2DMode":false,"pivot":{"x":-2.3479413986206056,"y":0.1322021484375,"z":-48.786399841308597},"rotation":{"x":-0.0806533619761467,"y":-0.7024967670440674,"z":0.08065340667963028,"w":-0.702489972114563},"size":0.8660253882408142,"orthographic":false}