{"cameraMode":{"drawMode":0,"name":"Shaded","section":"Shading Mode"},"sceneLighting":false,"audioPlay":false,"sceneViewState":{"showFog":true,"showMaterialUpdate":false,"showSkybox":false,"showFlares":true,"showImageEffects":true,"showParticleSystems":true},"in2DMode":false,"pivot":{"x":-2.3479413986206056,"y":0.1322021484375,"z":-48.786399841308597},"rotation":{"x":-0.06921767443418503,"y":-0.03231985121965408,"z":0.0022434545680880548,"w":-0.9970768094062805},"size":0.8660253882408142,"orthographic":false}