{"cameraMode":{"drawMode":0,"name":"Shaded","section":"Shading Mode"},"sceneLighting":true,"audioPlay":false,"sceneViewState":{"showFog":true,"showMaterialUpdate":false,"showSkybox":true,"showFlares":true,"showImageEffects":true,"showParticleSystems":true},"in2DMode":false,"pivot":{"x":2.430637836456299,"y":49.90010070800781,"z":102.57488250732422},"rotation":{"x":-0.11107122153043747,"y":-0.012822393327951432,"z":0.0014325215015560389,"w":-0.9937315583229065},"size":66.13693237304688,"orthographic":false}