{"cameraMode":{"drawMode":0,"name":"Shaded","section":"Shading Mode"},"sceneLighting":true,"audioPlay":false,"sceneViewState":{"showFog":false,"showMaterialUpdate":false,"showSkybox":false,"showFlares":false,"showImageEffects":false,"showParticleSystems":false},"in2DMode":false,"pivot":{"x":9.39395809173584,"y":31.58538818359375,"z":-24.40375518798828},"rotation":{"x":-0.0814690887928009,"y":0.7274421453475952,"z":-0.0877145379781723,"w":-0.6756475567817688},"size":1.6608712673187256,"orthographic":false}