{"cameraMode":{"drawMode":0,"name":"Shaded","section":"Shading Mode"},"sceneLighting":false,"audioPlay":false,"sceneViewState":{"showFog":false,"showMaterialUpdate":false,"showSkybox":false,"showFlares":false,"showImageEffects":false,"showParticleSystems":false},"in2DMode":false,"pivot":{"x":-0.4952881336212158,"y":1.7088954448699952,"z":0.0012679845094680787},"rotation":{"x":-0.0814690887928009,"y":0.7274421453475952,"z":-0.0877145379781723,"w":-0.6756475567817688},"size":2.062101125717163,"orthographic":false}