{"cameraMode":{"drawMode":0,"name":"Shaded","section":"Shading Mode"},"sceneLighting":true,"audioPlay":false,"sceneViewState":{"showFog":true,"showMaterialUpdate":false,"showSkybox":true,"showFlares":true,"showImageEffects":true,"showParticleSystems":true},"in2DMode":false,"pivot":{"x":10.495081901550293,"y":30.737791061401368,"z":-22.29065704345703},"rotation":{"x":-0.3228705823421478,"y":0.016180042177438737,"z":-0.005522219464182854,"w":-0.9462928771972656},"size":4.151974201202393,"orthographic":false}